[
  {
    "model": "HabitRabbit.profilepicture",
    "pk": 1,
    "fields": {
      "color": "v",
      "picture": 1
    }
  },
  {
    "model": "HabitRabbit.profilepicture",
    "pk": 2,
    "fields": {
      "color": "y",
      "picture": 4
    }
  },
  {
    "model": "HabitRabbit.profilepicture",
    "pk": 3,
    "fields": {
      "color": "b",
      "picture": 7
    }
  },
  {
    "model": "HabitRabbit.profilepicture",
    "pk": 4,
    "fields": {
      "color": "w",
      "picture": 2
    }
  },
  {
    "model": "HabitRabbit.type",
    "pk": 1,
    "fields": {
      "is_custom": false,
      "name": "Education",
      "duration": 8,
      "helpful_link": "https://www.testtakingcentral.com/why-regular-study-is-important/"
    }
  },
  {
    "model": "HabitRabbit.type",
    "pk": 2,
    "fields": {
      "is_custom": false,
      "name": "Health",
      "duration": 16,
      "helpful_link": "https://www.lifehack.org/677367/powerful-daily-routine"
    }
  },
  {
    "model": "HabitRabbit.type",
    "pk": 3,
    "fields": {
      "is_custom": false,
      "name": "Fitness",
      "duration": 4,
      "helpful_link": "https://medlineplus.gov/benefitsofexercise.html"
    }
  },
  {
    "model": "HabitRabbit.type",
    "pk": 4,
    "fields": {
      "is_custom": false,
      "name": "Relationships",
      "duration": 52,
      "helpful_link": "https://www.nm.org/healthbeat/healthy-tips/5-benefits-of-healthy-relationships"
    }
  },
  {
    "model": "HabitRabbit.type",
    "pk": 5,
    "fields": {
      "is_custom": false,
      "name": "Nutrition",
      "duration": 16,
      "helpful_link": "https://nutritionfacts.org"
    }
  },
  {
    "model": "HabitRabbit.type",
    "pk": 6,
    "fields": {
      "is_custom": false,
      "name": "Hygiene",
      "duration": 32,
      "helpful_link": "https://www.everydayhealth.com/healthy-living/guide-to-good-hygiene.aspx"
    }
  },
  {
    "model": "HabitRabbit.type",
    "pk": 7,
    "fields": {
      "is_custom": false,
      "name": "Social",
      "duration": 52,
      "helpful_link": "https://www.mindwise.org/blog/uncategorized/the-importance-of-social-connection/"
    }
  },
  {
    "model": "HabitRabbit.type",
    "pk": 8,
    "fields": {
      "is_custom": false,
      "name": "Mental Health",
      "duration": 52,
      "helpful_link": "https://www.peoplefirstinfo.org.uk/health-and-well-being/mental-health/10-top-tips-for-good-mental-health/"
    }
  },
  {
    "model": "HabitRabbit.type",
    "pk": 9,
    "fields": {
      "is_custom": false,
      "name": "Financial",
      "duration": 4,
      "helpful_link": "https://www.themuse.com/advice/50-personal-finance-tips-that-will-change-the-way-you-think-about-money"
    }
  },
  {
    "model": "HabitRabbit.type",
    "pk": 10,
    "fields": {
      "is_custom": false,
      "name": "Time Management",
      "duration": 2,
      "helpful_link": "https://corporatefinanceinstitute.com/resources/careers/soft-skills/time-management-list-tips/"
    }
  },
  {
    "model": "HabitRabbit.type",
    "pk": 11,
    "fields": {
      "is_custom": true,
      "name": "Custom",
      "duration": 26,
      "helpful_link": "https://corporatefinanceinstitute.com/resources/careers/soft-skills/time-management-list-tips/"
    }
  },
  {
    "model": "HabitRabbit.type",
    "pk": 12,
    "fields": {
      "is_custom": false,
      "name": "Hygiene",
      "duration": 26,
      "helpful_link": "https://medlineplus.gov/benefitsofexercise.html"
    }
  },
  {
    "model": "HabitRabbit.message",
    "pk": 1,
    "fields": {
      "message": "Great job, keep going!",
      "title": "",
      "type": 1
    }
  },
  {
    "model": "HabitRabbit.message",
    "pk": 2,
    "fields": {
      "message": "Health > Everything else",
      "title": "",
      "type": 2
    }
  },
  {
    "model": "HabitRabbit.message",
    "pk": 3,
    "fields": {
      "message": "Consistency is key!",
      "title": "",
      "type": 3
    }
  },
  {
    "model": "HabitRabbit.message",
    "pk": 4,
    "fields": {
      "message": "Active Listening is vital",
      "title": "",
      "type": 4
    }
  },
  {
    "model": "HabitRabbit.message",
    "pk": 5,
    "fields": {
      "message": "Stop eating junk!",
      "title": "",
      "type": 5
    }
  },
  {
    "model": "HabitRabbit.message",
    "pk": 6,
    "fields": {
      "message": "Shrub shrub shrub!",
      "title": "",
      "type": 6
    }
  },
  {
    "model": "HabitRabbit.message",
    "pk": 7,
    "fields": {
      "message": "Get out of your house!",
      "title": "",
      "type": 7
    }
  },
  {
    "model": "HabitRabbit.message",
    "pk": 8,
    "fields": {
      "message": "Get enough sleep!",
      "title": "",
      "type": 8
    }
  },
  {
    "model": "HabitRabbit.message",
    "pk": 9,
    "fields": {
      "message": "Do you really need that fancy item?",
      "title": "",
      "type": 9
    }
  },
  {
    "model": "HabitRabbit.message",
    "pk": 10,
    "fields": {
      "message": "Get up and do not be late!",
      "title": "",
      "type": 10
    }
  },
  {
    "model": "HabitRabbit.message",
    "pk": 11,
    "fields": {
      "message": "Get up and do not be late!",
      "title": "",
      "type": 11
    }
  },
  {
    "model": "HabitRabbit.faq",
    "pk": 1,
    "fields": {
      "question": "What does FAQ stand for?",
      "answer": "Frequently Asked Questions, so you came to the right place."
    }
  },
  {
    "model": "HabitRabbit.faq",
    "pk": 2,
    "fields": {
      "question": "What is this application about?",
      "answer": "HabitRabbit\u2122 is a revolutionary online habit building tool, based on state-of-the-art gamification technologies, designed to help its users build new, positive habits easily and quickly."
    }
  },
  {
    "model": "HabitRabbit.faq",
    "pk": 3,
    "fields": {
      "question": "Can I change my profile picture somewhere?",
      "answer": "Yeah, just hover over your profile picture in the dashboard and click on the button."
    }
  },
  {
    "model": "HabitRabbit.faq",
    "pk": 4,
    "fields": {
      "question": "How long does it take for a habit to stick?",
      "answer": "The consensus is about 21 days."
    }
  },
  {
    "model": "auth.permission",
    "pk": 1,
    "fields": {
      "name": "Can add log entry",
      "content_type": 1,
      "codename": "add_logentry"
    }
  },
  {
    "model": "auth.permission",
    "pk": 2,
    "fields": {
      "name": "Can change log entry",
      "content_type": 1,
      "codename": "change_logentry"
    }
  },
  {
    "model": "auth.permission",
    "pk": 3,
    "fields": {
      "name": "Can delete log entry",
      "content_type": 1,
      "codename": "delete_logentry"
    }
  },
  {
    "model": "auth.permission",
    "pk": 4,
    "fields": {
      "name": "Can view log entry",
      "content_type": 1,
      "codename": "view_logentry"
    }
  },
  {
    "model": "auth.permission",
    "pk": 5,
    "fields": {
      "name": "Can add permission",
      "content_type": 2,
      "codename": "add_permission"
    }
  },
  {
    "model": "auth.permission",
    "pk": 6,
    "fields": {
      "name": "Can change permission",
      "content_type": 2,
      "codename": "change_permission"
    }
  },
  {
    "model": "auth.permission",
    "pk": 7,
    "fields": {
      "name": "Can delete permission",
      "content_type": 2,
      "codename": "delete_permission"
    }
  },
  {
    "model": "auth.permission",
    "pk": 8,
    "fields": {
      "name": "Can view permission",
      "content_type": 2,
      "codename": "view_permission"
    }
  },
  {
    "model": "auth.permission",
    "pk": 9,
    "fields": {
      "name": "Can add group",
      "content_type": 3,
      "codename": "add_group"
    }
  },
  {
    "model": "auth.permission",
    "pk": 10,
    "fields": {
      "name": "Can change group",
      "content_type": 3,
      "codename": "change_group"
    }
  },
  {
    "model": "auth.permission",
    "pk": 11,
    "fields": {
      "name": "Can delete group",
      "content_type": 3,
      "codename": "delete_group"
    }
  },
  {
    "model": "auth.permission",
    "pk": 12,
    "fields": {
      "name": "Can view group",
      "content_type": 3,
      "codename": "view_group"
    }
  },
  {
    "model": "auth.permission",
    "pk": 13,
    "fields": {
      "name": "Can add content type",
      "content_type": 4,
      "codename": "add_contenttype"
    }
  },
  {
    "model": "auth.permission",
    "pk": 14,
    "fields": {
      "name": "Can change content type",
      "content_type": 4,
      "codename": "change_contenttype"
    }
  },
  {
    "model": "auth.permission",
    "pk": 15,
    "fields": {
      "name": "Can delete content type",
      "content_type": 4,
      "codename": "delete_contenttype"
    }
  },
  {
    "model": "auth.permission",
    "pk": 16,
    "fields": {
      "name": "Can view content type",
      "content_type": 4,
      "codename": "view_contenttype"
    }
  },
  {
    "model": "auth.permission",
    "pk": 17,
    "fields": {
      "name": "Can add session",
      "content_type": 5,
      "codename": "add_session"
    }
  },
  {
    "model": "auth.permission",
    "pk": 18,
    "fields": {
      "name": "Can change session",
      "content_type": 5,
      "codename": "change_session"
    }
  },
  {
    "model": "auth.permission",
    "pk": 19,
    "fields": {
      "name": "Can delete session",
      "content_type": 5,
      "codename": "delete_session"
    }
  },
  {
    "model": "auth.permission",
    "pk": 20,
    "fields": {
      "name": "Can view session",
      "content_type": 5,
      "codename": "view_session"
    }
  },
  {
    "model": "auth.permission",
    "pk": 21,
    "fields": {
      "name": "Can add faq",
      "content_type": 6,
      "codename": "add_faq"
    }
  },
  {
    "model": "auth.permission",
    "pk": 22,
    "fields": {
      "name": "Can change faq",
      "content_type": 6,
      "codename": "change_faq"
    }
  },
  {
    "model": "auth.permission",
    "pk": 23,
    "fields": {
      "name": "Can delete faq",
      "content_type": 6,
      "codename": "delete_faq"
    }
  },
  {
    "model": "auth.permission",
    "pk": 24,
    "fields": {
      "name": "Can view faq",
      "content_type": 6,
      "codename": "view_faq"
    }
  },
  {
    "model": "auth.permission",
    "pk": 25,
    "fields": {
      "name": "Can add profile picture",
      "content_type": 7,
      "codename": "add_profilepicture"
    }
  },
  {
    "model": "auth.permission",
    "pk": 26,
    "fields": {
      "name": "Can change profile picture",
      "content_type": 7,
      "codename": "change_profilepicture"
    }
  },
  {
    "model": "auth.permission",
    "pk": 27,
    "fields": {
      "name": "Can delete profile picture",
      "content_type": 7,
      "codename": "delete_profilepicture"
    }
  },
  {
    "model": "auth.permission",
    "pk": 28,
    "fields": {
      "name": "Can view profile picture",
      "content_type": 7,
      "codename": "view_profilepicture"
    }
  },
  {
    "model": "auth.permission",
    "pk": 29,
    "fields": {
      "name": "Can add type",
      "content_type": 8,
      "codename": "add_type"
    }
  },
  {
    "model": "auth.permission",
    "pk": 30,
    "fields": {
      "name": "Can change type",
      "content_type": 8,
      "codename": "change_type"
    }
  },
  {
    "model": "auth.permission",
    "pk": 31,
    "fields": {
      "name": "Can delete type",
      "content_type": 8,
      "codename": "delete_type"
    }
  },
  {
    "model": "auth.permission",
    "pk": 32,
    "fields": {
      "name": "Can view type",
      "content_type": 8,
      "codename": "view_type"
    }
  },
  {
    "model": "auth.permission",
    "pk": 33,
    "fields": {
      "name": "Can add user",
      "content_type": 9,
      "codename": "add_user"
    }
  },
  {
    "model": "auth.permission",
    "pk": 34,
    "fields": {
      "name": "Can change user",
      "content_type": 9,
      "codename": "change_user"
    }
  },
  {
    "model": "auth.permission",
    "pk": 35,
    "fields": {
      "name": "Can delete user",
      "content_type": 9,
      "codename": "delete_user"
    }
  },
  {
    "model": "auth.permission",
    "pk": 36,
    "fields": {
      "name": "Can view user",
      "content_type": 9,
      "codename": "view_user"
    }
  },
  {
    "model": "auth.permission",
    "pk": 37,
    "fields": {
      "name": "Can add message",
      "content_type": 10,
      "codename": "add_message"
    }
  },
  {
    "model": "auth.permission",
    "pk": 38,
    "fields": {
      "name": "Can change message",
      "content_type": 10,
      "codename": "change_message"
    }
  },
  {
    "model": "auth.permission",
    "pk": 39,
    "fields": {
      "name": "Can delete message",
      "content_type": 10,
      "codename": "delete_message"
    }
  },
  {
    "model": "auth.permission",
    "pk": 40,
    "fields": {
      "name": "Can view message",
      "content_type": 10,
      "codename": "view_message"
    }
  },
  {
    "model": "auth.permission",
    "pk": 41,
    "fields": {
      "name": "Can add habit",
      "content_type": 11,
      "codename": "add_habit"
    }
  },
  {
    "model": "auth.permission",
    "pk": 42,
    "fields": {
      "name": "Can change habit",
      "content_type": 11,
      "codename": "change_habit"
    }
  },
  {
    "model": "auth.permission",
    "pk": 43,
    "fields": {
      "name": "Can delete habit",
      "content_type": 11,
      "codename": "delete_habit"
    }
  },
  {
    "model": "auth.permission",
    "pk": 44,
    "fields": {
      "name": "Can view habit",
      "content_type": 11,
      "codename": "view_habit"
    }
  },
  {
    "model": "auth.group",
    "pk": 1,
    "fields": {
      "name": "admin",
      "permissions": [
        21,
        22,
        23,
        24,
        41,
        42,
        43,
        44,
        37,
        38,
        39,
        40,
        25,
        26,
        27,
        28,
        29,
        30,
        31,
        32,
        33,
        34,
        35,
        36
      ]
    }
  },
  {
    "model": "auth.group",
    "pk": 2,
    "fields": {
      "name": "user",
      "permissions": [
        24,
        41,
        42,
        43,
        44,
        40,
        25,
        26,
        27,
        28,
        32,
        34,
        36
      ]
    }
  },
  {
    "model": "HabitRabbit.user",
    "pk": 1,
    "fields": {
      "password": "pbkdf2_sha256$180000$JCNTmujp9X1M$aDvrvEvQrYdwIADdXoyOlbgnMXyazwlBNA2AC+CcnO4=",
      "last_login": "2020-01-25T16:28:28Z",
      "is_superuser": true,
      "is_staff": true,
      "is_active": true,
      "date_joined": "2020-01-09T08:57:46Z",
      "username": "sweiland",
      "first_name": "Sebastian",
      "last_name": "Weiland",
      "email": "hello@sweiland.at",
      "level": 1,
      "score": "0,2,5,16,50,75",
      "streak": 0,
      "profile_picture": 1,
      "groups": [
        1
      ],
      "user_permissions": [],
      "friends": [
        4
      ]
    }
  },
  {
    "model": "HabitRabbit.user",
    "pk": 2,
    "fields": {
      "password": "pbkdf2_sha256$180000$kNboxgbrfUEb$tA+tYIl/jV8nrm/hW1KS7MoO+vVxVvHaKnLqO4tEfTs=",
      "last_login": null,
      "is_superuser": false,
      "is_staff": false,
      "is_active": true,
      "date_joined": "2020-01-09T10:45:30Z",
      "username": "michaelderler",
      "first_name": "Michael",
      "last_name": "Derler",
      "email": "michael@derler.at",
      "level": 1,
      "score": "0,2,4,6,8,10,60",
      "streak": 20,
      "profile_picture": 2,
      "groups": [
        2
      ],
      "user_permissions": [],
      "friends": []
    }
  },
  {
    "model": "HabitRabbit.user",
    "pk": 3,
    "fields": {
      "password": "pbkdf2_sha256$180000$5lujiaAOis9W$3CtEHxCzmzR5MVmLwerpcTw/QH5dYz+egbZnsUinW7w=",
      "last_login": null,
      "is_superuser": false,
      "is_staff": true,
      "is_active": true,
      "date_joined": "2020-01-20T12:25:30Z",
      "username": "ardianq",
      "first_name": "Ardian",
      "last_name": "Qerimi",
      "email": "kate.nutrient@habbit.si",
      "level": 3,
      "score": "0,4,6,8,40,90,260",
      "streak": 5,
      "profile_picture": 3,
      "groups": [
        1
      ],
      "user_permissions": [],
      "friends": [
        4
      ]
    }
  },
  {
    "model": "HabitRabbit.user",
    "pk": 4,
    "fields": {
      "password": "pbkdf2_sha256$180000$YhCHL7uNcTt4$2m63QSTEVUK8vUjyf2tngNlsnxeAjibAD6hPqayYPPQ=",
      "last_login": null,
      "is_superuser": false,
      "is_staff": false,
      "is_active": true,
      "date_joined": "2020-01-22T08:01:30Z",
      "username": "chris",
      "first_name": "Chris",
      "last_name": "Lach",
      "email": "hal.420@gmail.it",
      "level": 5,
      "score": "0,4,66,666,531",
      "streak": 17,
      "profile_picture": 4,
      "groups": [
        2
      ],
      "user_permissions": [],
      "friends": [
        1,
        3
      ]
    }
  },
  {
    "model": "HabitRabbit.habit",
    "pk": 1,
    "fields": {
      "start_date": "2020-01-01T00:00:00Z",
      "end_date": "2020-01-25T23:59:59.999Z",
      "name": "Quit Procrastinating",
      "member": 1,
      "type": 1,
      "interval": 1,
      "priority": 2,
      "last_click": null,
      "is_finished": false,
      "clicked": 0
    }
  },
  {
    "model": "HabitRabbit.habit",
    "pk": 2,
    "fields": {
      "start_date": "2020-01-09T10:43:34.535Z",
      "end_date": "2021-01-08T23:59:59.999Z",
      "name": "Pick Up Yoga",
      "member": 1,
      "type": 1,
      "interval": 7,
      "priority": 1,
      "last_click": null,
      "is_finished": false,
      "clicked": 0
    }
  },
  {
    "model": "HabitRabbit.habit",
    "pk": 3,
    "fields": {
      "start_date": "2020-01-22T11:43:34.535Z",
      "end_date": "2020-01-27T23:59:59.999Z",
      "name": "Workout Daily",
      "member": 3,
      "type": 5,
      "interval": 1,
      "priority": 1,
      "last_click": null,
      "is_finished": false,
      "clicked": 0
    }
  },
  {
    "model": "HabitRabbit.habit",
    "pk": 4,
    "fields": {
      "start_date": "2020-01-09T10:43:34.535Z",
      "end_date": "2020-01-25T23:59:59.999Z",
      "name": "Update calendar daily",
      "member": 4,
      "type": 10,
      "interval": 1,
      "priority": 2,
      "last_click": null,
      "is_finished": false,
      "clicked": 0
    }
  }
]