[
  {
    "model": "HabitRabbit.profilepicture",
    "pk": 1,
    "fields": {
      "color": "v",
      "picture": 1
    }
  },
  {
    "model": "HabitRabbit.profilepicture",
    "pk": 2,
    "fields": {
      "color": "y",
      "picture": 4
    }
  },
  {
    "model": "HabitRabbit.profilepicture",
    "pk": 3,
    "fields": {
      "color": "b",
      "picture": 7
    }
  },
  {
    "model": "HabitRabbit.profilepicture",
    "pk": 4,
    "fields": {
      "color": "w",
      "picture": 2
    }
  },
  {
    "model": "HabitRabbit.type",
    "pk": 1,
    "fields": {
      "is_custom": false,
      "name": "Education",
      "duration": 8,
      "helpful_link": "https://www.testtakingcentral.com/why-regular-study-is-important/"
    }
  },
  {
    "model": "HabitRabbit.type",
    "pk": 2,
    "fields": {
      "is_custom": false,
      "name": "Health",
      "duration": 16,
      "helpful_link": "https://www.lifehack.org/677367/powerful-daily-routine"
    }
  },
  {
    "model": "HabitRabbit.type",
    "pk": 3,
    "fields": {
      "is_custom": false,
      "name": "Fitness",
      "duration": 4,
      "helpful_link": "https://medlineplus.gov/benefitsofexercise.html"
    }
  },
  {
    "model": "HabitRabbit.type",
    "pk": 4,
    "fields": {
      "is_custom": false,
      "name": "Relationships",
      "duration": 52,
      "helpful_link": "https://www.nm.org/healthbeat/healthy-tips/5-benefits-of-healthy-relationships"
    }
  },
  {
    "model": "HabitRabbit.type",
    "pk": 5,
    "fields": {
      "is_custom": false,
      "name": "Nutrition",
      "duration": 16,
      "helpful_link": "https://nutritionfacts.org"
    }
  },
  {
    "model": "HabitRabbit.type",
    "pk": 6,
    "fields": {
      "is_custom": false,
      "name": "Hygiene",
      "duration": 32,
      "helpful_link": "https://www.everydayhealth.com/healthy-living/guide-to-good-hygiene.aspx"
    }
  },
  {
    "model": "HabitRabbit.type",
    "pk": 7,
    "fields": {
      "is_custom": false,
      "name": "Social",
      "duration": 52,
      "helpful_link": "https://www.mindwise.org/blog/uncategorized/the-importance-of-social-connection/"
    }
  },
  {
    "model": "HabitRabbit.type",
    "pk": 8,
    "fields": {
      "is_custom": false,
      "name": "Mental Health",
      "duration": 52,
      "helpful_link": "https://www.peoplefirstinfo.org.uk/health-and-well-being/mental-health/10-top-tips-for-good-mental-health/"
    }
  },
  {
    "model": "HabitRabbit.type",
    "pk": 9,
    "fields": {
      "is_custom": false,
      "name": "Financial",
      "duration": 4,
      "helpful_link": "https://www.themuse.com/advice/50-personal-finance-tips-that-will-change-the-way-you-think-about-money"
    }
  },
  {
    "model": "HabitRabbit.type",
    "pk": 10,
    "fields": {
      "is_custom": false,
      "name": "Time Management",
      "duration": 2,
      "helpful_link": "https://corporatefinanceinstitute.com/resources/careers/soft-skills/time-management-list-tips/"
    }
  },
  {
    "model": "HabitRabbit.type",
    "pk": 11,
    "fields": {
      "is_custom": true,
      "name": "Custom",
      "duration": 26,
      "helpful_link": "https://corporatefinanceinstitute.com/resources/careers/soft-skills/time-management-list-tips/"
    }
  },
  {
    "model": "HabitRabbit.type",
    "pk": 12,
    "fields": {
      "is_custom": false,
      "name": "Hygiene",
      "duration": 26,
      "helpful_link": "https://medlineplus.gov/benefitsofexercise.html"
    }
  },
  {
    "model": "HabitRabbit.message",
    "pk": 1,
    "fields": {
      "message": "Great job, keep going!",
      "type": 1
    }
  },
  {
    "model": "HabitRabbit.message",
    "pk": 2,
    "fields": {
      "message": "Health > Everything else",
      "type": 2
    }
  },
  {
    "model": "HabitRabbit.message",
    "pk": 3,
    "fields": {
      "message": "Consistency is key!",
      "type": 3
    }
  },
  {
    "model": "HabitRabbit.message",
    "pk": 4,
    "fields": {
      "message": "Active Listening is vital",
      "type": 4
    }
  },
  {
    "model": "HabitRabbit.message",
    "pk": 5,
    "fields": {
      "message": "Stop eating junk!",
      "type": 5
    }
  },
  {
    "model": "HabitRabbit.message",
    "pk": 6,
    "fields": {
      "message": "Shrub shrub shrub!",
      "type": 6
    }
  },
  {
    "model": "HabitRabbit.message",
    "pk": 7,
    "fields": {
      "message": "Get out of your house!",
      "type": 7
    }
  },
  {
    "model": "HabitRabbit.message",
    "pk": 8,
    "fields": {
      "message": "Get enough sleep!",
      "type": 8
    }
  },
  {
    "model": "HabitRabbit.message",
    "pk": 9,
    "fields": {
      "message": "Do you really need that fancy item?",
      "type": 9
    }
  },
  {
    "model": "HabitRabbit.message",
    "pk": 10,
    "fields": {
      "message": "Get up and do not be late!",
      "type": 10
    }
  },
  {
    "model": "HabitRabbit.message",
    "pk": 11,
    "fields": {
      "message": "Get up and do not be late!",
      "type": 11
    }
  },
  {
    "model": "HabitRabbit.faq",
    "pk": 1,
    "fields": {
      "question": "How is HabitRabbit different from other Habit Building Applications?",
      "answer": "We employ cutting-edge gamification technologies to keep you engaged - all without microtransactions!"
    }
  },
  {
    "model": "HabitRabbit.user",
    "pk": 1,
    "fields": {
      "password": "pbkdf2_sha256$180000$JCNTmujp9X1M$aDvrvEvQrYdwIADdXoyOlbgnMXyazwlBNA2AC+CcnO4=",
      "last_login": null,
      "is_superuser": true,
      "is_staff": true,
      "is_active": true,
      "date_joined": "2020-01-09T08:57:46.908Z",
      "username": "sweiland",
      "first_name": "Sebastian",
      "last_name": "Weiland",
      "email": "hello@sweiland.at",
      "level": 1,
      "score": "0,2,5,16,50,75",
      "profile_picture": 1,
      "groups": [],
      "user_permissions": [],
      "friends": [2,3,4],
      "streak": 0
    }
  },
  {
    "model": "HabitRabbit.user",
    "pk": 2,
    "fields": {
      "password": "pbkdf2_sha256$180000$kNboxgbrfUEb$tA+tYIl/jV8nrm/hW1KS7MoO+vVxVvHaKnLqO4tEfTs=",
      "last_login": null,
      "is_superuser": false,
      "is_staff": false,
      "is_active": true,
      "date_joined": "2020-01-09T10:45:30.644Z",
      "username": "michaelderler",
      "first_name": "Michael",
      "last_name": "Derler",
      "email": "michael@derler.at",
      "level": 1,
      "score": "0,2,4,6,8,10,60",
      "profile_picture": 2,
      "groups": [],
      "user_permissions": [],
      "friends": [3,4],
      "streak": 20
    }
  },
  {
    "model": "HabitRabbit.user",
    "pk": 3,
    "fields": {
      "password": "pbkdf2_sha256$180000$5lujiaAOis9W$3CtEHxCzmzR5MVmLwerpcTw/QH5dYz+egbZnsUinW7w=",
      "last_login": null,
      "is_superuser": false,
      "is_staff": false,
      "is_active": true,
      "date_joined": "2020-01-20T12:25:30.644Z",
      "username": "ardianq",
      "first_name": "Ardian",
      "last_name": "Qerimi",
      "email": "kate.nutrient@habbit.si",
      "level": 3,
      "score": "0,4,6,8,40,90,260",
      "profile_picture": 3,
      "groups": [],
      "user_permissions": [],
      "friends": [4],
      "streak": 5
    }
  },
  {
    "model": "HabitRabbit.user",
    "pk": 4,
    "fields": {
      "password": "pbkdf2_sha256$180000$YhCHL7uNcTt4$2m63QSTEVUK8vUjyf2tngNlsnxeAjibAD6hPqayYPPQ=",
      "last_login": null,
      "is_superuser": false,
      "is_staff": false,
      "is_active": true,
      "date_joined": "2020-01-22T08:01:30.644Z",
      "username": "chris",
      "first_name": "Chris",
      "last_name": "Lach",
      "email": "hal.420@gmail.it",
      "level": 5,
      "score": "0,4,66,666,531",
      "profile_picture": 4,
      "groups": [],
      "user_permissions": [],
      "friends": [1,3],
      "streak": 17
    }
  },
  {
    "model": "HabitRabbit.habit",
    "pk": 1,
    "fields": {
      "start_date": "2020-01-01T00:00:00Z",
      "end_date": "2020-01-25T23:59:59.999Z",
      "name": "Quit Procrastinating",
      "member": 1,
      "type": 1,
      "interval": 1,
      "priority": 2
    }
  },
  {
    "model": "HabitRabbit.habit",
    "pk": 2,
    "fields": {
      "start_date": "2020-01-09T10:43:34.535Z",
      "end_date": "2021-01-08T23:59:59.999Z",
      "name": "Pick Up Yoga",
      "member": 1,
      "type": 1,
      "interval": 7,
      "priority": 1
    }
  },
  {
    "model": "HabitRabbit.habit",
    "pk": 3,
    "fields": {
      "start_date": "2020-01-22T11:43:34.535Z",
      "end_date": "2020-01-27T23:59:59.999Z",
      "name": "Workout Daily",
      "member": 3,
      "type": 5,
      "interval": 1,
      "priority": 1
    }
  },
  {
    "model": "HabitRabbit.habit",
    "pk": 4,
    "fields": {
      "start_date": "2020-01-09T10:43:34.535Z",
      "end_date": "2020-01-25T23:59:59.999Z",
      "name": "Update calendar daily",
      "member": 4,
      "type": 10,
      "interval": 1,
      "priority": 2
    }
  },
  {
    "model": "HabitRabbit.faq",
    "pk": 1,
    "fields": {
      "question": "What does FAQ stand for?",
      "answer": "Frequently Asked Questions, so you came to the right place."
    }
  },
  {
    "model": "HabitRabbit.faq",
    "pk": 2,
    "fields": {
      "question": "What is this application about?",
      "answer": "HabitRabbit\u2122 is a revolutionary online habit building tool, based on state-of-the-art gamification technologies, designed to help its users build new, positive habits easily and quickly."
    }
  },
  {
    "model": "HabitRabbit.faq",
    "pk": 3,
    "fields": {
      "question": "Can I change my profile picture somewhere?",
      "answer": "Yeah, just hover over your profile picture in the dashboard and click on the button."
    }
  },
  {
    "model": "HabitRabbit.faq",
    "pk": 4,
    "fields": {
      "question": "How long does it take for a habit to stick?",
      "answer": "The consensus is about 21 days."
    }
  }
]

